City Name,Latitude,Longitude,Predicted Temperature,Heat Risk Score,Heat Risk,Tree Plantation,Green Roof,Cooling Infrastructure,Mitigation Priority
0,-22.58277860747475,71.33821704710826,21.747752018871928,36.57457204781704,Moderate,Existing Green Cover Sufficient,Not Required,Urban Parks + Shade Structures,2
111,81.12857515378491,12.994691883883348,22.210418910624732,40.93559468068727,Moderate,High Priority Tree Plantation,Recommended,Urban Parks + Shade Structures,2
222,41.75890952605292,-68.57005813692201,21.140747953373577,30.853050765293794,Moderate,High Priority Tree Plantation,Optional,Urban Parks + Shade Structures,2
333,17.758527155466595,112.9662070945015,21.799355989079388,37.060982651281904,Moderate,Existing Green Cover Sufficient,Recommended,Urban Parks + Shade Structures,2
444,-61.91664472036143,66.50322211939653,20.8220856274581,27.849391674202074,Moderate,High Priority Tree Plantation,Recommended,Urban Parks + Shade Structures,2
456,-61.92098633948352,-121.45790183583912,22.535482505415796,43.999591087768394,Moderate,High Priority Tree Plantation,Optional,Urban Parks + Shade Structures,2
467,-79.5449498097241,147.93378641778327,22.832978988249728,46.803744395395256,Moderate,Moderate Tree Plantation,Not Required,Urban Parks + Shade Structures,2
478,65.91170623948832,116.11340745234082,22.81542386412708,46.638272659711575,Moderate,High Priority Tree Plantation,Recommended,Urban Parks + Shade Structures,2
489,18.20070211377758,161.92796878509267,22.431076016504992,43.0154725582718,Moderate,Moderate Tree Plantation,Not Required,Urban Parks + Shade Structures,2
1,37.45306400328819,81.2590230198096,26.441531877808913,80.81737516040985,Extreme,Existing Green Cover Sufficient,Not Required,Cooling Centers + Reflective Pavements + Water Features,4
12,-86.29479102675556,40.82947053688434,24.857827295688114,65.88963416678985,High,High Priority Tree Plantation,Recommended,Cooling Centers + Reflective Roads,3
23,84.58377338915898,-29.432506935377205,23.639936476377617,54.40999401519745,High,Moderate Tree Plantation,Optional,Cooling Centers + Reflective Roads,3
34,59.83967534407592,155.78225400744475,25.31642454039328,70.2122969705932,High,Moderate Tree Plantation,Not Required,Cooling Centers + Reflective Roads,3
45,-51.77896007791029,131.78300022014702,19.237982647837114,12.917895450747885,Low,High Priority Tree Plantation,Recommended,Routine Monitoring,1
56,-57.27150590272189,-163.72127876177183,20.213391478106672,22.11193993703402,Low,Moderate Tree Plantation,Not Required,Routine Monitoring,1
67,-56.98718822638191,-170.50788918098928,21.217894002616532,31.580216838298213,Moderate,High Priority Tree Plantation,Recommended,Urban Parks + Shade Structures,2
78,-35.23639626728321,-44.47318792390215,23.902255715104534,56.88257235939543,High,Moderate Tree Plantation,Optional,Cooling Centers + Reflective Roads,3
89,4.456157693802808,111.79919908145985,26.978124773853065,85.8752122479536,Extreme,High Priority Tree Plantation,Not Required,Cooling Centers + Reflective Pavements + Water Features,4
100,-12.249896644419168,175.41940655338,21.921853849347322,38.21562749540025,Moderate,Moderate Tree Plantation,Not Required,Urban Parks + Shade Structures,2
112,-37.57875476435245,-125.84991920272984,26.564018506779394,81.9719141401509,Extreme,High Priority Tree Plantation,Not Required,Cooling Centers + Reflective Pavements + Water Features,4
123,20.133521050028307,33.88705752676864,20.048980815230006,20.562231854024233,Low,Existing Green Cover Sufficient,Optional,Routine Monitoring,1
134,-64.89110508263246,-42.87929161283225,27.61493067300974,91.87764075206908,Extreme,High Priority Tree Plantation,Recommended,Cooling Centers + Reflective Pavements + Water Features,4
145,-37.41396326366073,169.16918321325716,22.241651820576706,41.22999099392883,Moderate,Moderate Tree Plantation,Not Required,Urban Parks + Shade Structures,2
156,-24.0548682071355,123.16281232885513,18.91310938440294,9.855693075982309,Low,Moderate Tree Plantation,Not Required,Routine Monitoring,1
167,-7.907402840933528,121.79833369600964,21.797396550503002,37.04251330296315,Moderate,Moderate Tree Plantation,Not Required,Urban Parks + Shade Structures,2
178,51.33167305074244,-11.27046247381071,22.005659574979408,39.00556659145493,Moderate,Moderate Tree Plantation,Not Required,Urban Parks + Shade Structures,2
189,-54.05871921149525,-30.66497915844053,20.917696419625102,28.750603401298637,Moderate,Moderate Tree Plantation,Recommended,Urban Parks + Shade Structures,2
200,2.562198914450093,-81.57345410494575,20.23846064922347,22.348237853691653,Low,Moderate Tree Plantation,Optional,Routine Monitoring,1
211,16.63462239516764,-159.70482120566624,24.488419209084512,62.40765381513692,High,Existing Green Cover Sufficient,Recommended,Cooling Centers + Reflective Roads,3
223,-81.63892571040041,131.30005545181916,22.358776382101308,42.33398800080065,Moderate,High Priority Tree Plantation,Not Required,Urban Parks + Shade Structures,2
234,19.358073342258905,112.64436328682793,22.19762685456205,40.81501884739399,Moderate,Moderate Tree Plantation,Optional,Urban Parks + Shade Structures,2
245,-59.30565773628753,179.898362383007,22.78205020759283,46.32369801847,Moderate,Existing Green Cover Sufficient,Recommended,Urban Parks + Shade Structures,2
256,-78.29071326264969,178.78926134660594,24.172207714202315,59.427095857486975,High,Existing Green Cover Sufficient,Optional,Cooling Centers + Reflective Roads,3
267,80.79939670559997,19.95541401694589,23.755014986072815,55.49470527135942,High,Existing Green Cover Sufficient,Recommended,Cooling Centers + Reflective Roads,3
278,83.81376595342067,96.83546946498376,22.841429449503597,46.883397064395844,Moderate,High Priority Tree Plantation,Optional,Urban Parks + Shade Structures,2
289,55.51152266096301,160.1156627576741,21.16503874191886,31.082011774833333,Moderate,High Priority Tree Plantation,Recommended,Urban Parks + Shade Structures,2
300,-35.16952154879328,125.87306064386814,21.24998723499533,31.8827224103647,Moderate,Moderate Tree Plantation,Not Required,Urban Parks + Shade Structures,2
311,-72.4190194788509,-90.95468337244884,24.401180314210013,61.5853542259596,High,Moderate Tree Plantation,Recommended,Cooling Centers + Reflective Roads,3
322,33.161944772188235,-17.80411128836633,21.360100145131263,32.920628735268906,Moderate,Moderate Tree Plantation,Not Required,Urban Parks + Shade Structures,2
334,-10.77255112687176,-133.5026105454618,22.52501841510581,43.90095827982882,Moderate,Moderate Tree Plantation,Recommended,Urban Parks + Shade Structures,2
345,-68.03311772793981,163.45836981314005,23.364521594716713,51.81397827739056,High,Existing Green Cover Sufficient,Optional,Cooling Centers + Reflective Roads,3
356,-0.8681561799713648,38.222868402316806,19.984093633945236,19.950615870235126,Low,High Priority Tree Plantation,Not Required,Routine Monitoring,1
367,-83.81006619926069,-97.68859001875342,24.660022395383344,64.02515745039096,High,Existing Green Cover Sufficient,Recommended,Cooling Centers + Reflective Roads,3
378,73.67767237418076,61.81224638610843,22.38379405805776,42.56980053247882,Moderate,Moderate Tree Plantation,Optional,Urban Parks + Shade Structures,2
389,-43.41960331199695,42.5261665648425,23.741750425827416,55.3696756907337,High,High Priority Tree Plantation,Recommended,Cooling Centers + Reflective Roads,3
400,29.25401118371676,-51.06142150817743,21.9075278069129,38.08059255685237,Moderate,Moderate Tree Plantation,Optional,Urban Parks + Shade Structures,2
411,-33.89200630390603,-139.11926680813357,21.40137521169937,33.309680778294535,Moderate,Moderate Tree Plantation,Optional,Urban Parks + Shade Structures,2
422,3.612243812005943,61.76635041340785,22.868984338779136,47.143124954847664,Moderate,High Priority Tree Plantation,Not Required,Urban Parks + Shade Structures,2
433,8.407850281790331,7.310772325365576,19.85798909702816,18.761975080487815,Low,High Priority Tree Plantation,Optional,Routine Monitoring,1
445,-56.72619800540513,98.03462102483012,22.888567569065774,47.327713288327054,Moderate,Existing Green Cover Sufficient,Recommended,Urban Parks + Shade Structures,2
447,84.52523299762055,7.258860400317616,25.99972379067589,76.65296421656035,Extreme,High Priority Tree Plantation,Not Required,Cooling Centers + Reflective Pavements + Water Features,4
448,49.52390820500062,126.78534011467444,22.418590477589603,42.897785905597544,Moderate,Moderate Tree Plantation,Optional,Urban Parks + Shade Structures,2
449,79.10980948155404,18.68646195881479,25.498244145720207,71.92609890469377,High,Moderate Tree Plantation,Optional,Cooling Centers + Reflective Roads,3
450,71.0689230769768,21.93766975273905,24.63031683610431,63.74515769538981,High,Moderate Tree Plantation,Optional,Cooling Centers + Reflective Roads,3
451,17.62199618599533,135.59529695700422,20.595277368585077,25.711534032130682,Moderate,Moderate Tree Plantation,Not Required,Urban Parks + Shade Structures,2
452,75.93736230416104,-34.74616816353708,22.72410284616405,45.77749564434152,Moderate,High Priority Tree Plantation,Optional,Urban Parks + Shade Structures,2
453,-74.0713496306545,-131.75451775776935,22.586113741840062,44.47683286130425,Moderate,Moderate Tree Plantation,Not Required,Urban Parks + Shade Structures,2
454,-54.72308476455387,-169.63823652719796,20.397385650489355,23.846238985399502,Low,High Priority Tree Plantation,Not Required,Routine Monitoring,1
455,-81.85908799610314,91.84941204250282,24.547729629756283,62.966704163292896,High,Moderate Tree Plantation,Optional,Cooling Centers + Reflective Roads,3
457,-31.440540462612415,43.31143848724727,23.925937689223517,57.10579478348691,High,High Priority Tree Plantation,Optional,Cooling Centers + Reflective Roads,3
458,-20.03808785589324,73.46871651572047,22.037042079088152,39.301372954810404,Moderate,Moderate Tree Plantation,Not Required,Urban Parks + Shade Structures,2
459,-41.15717428069873,-103.33290185679212,21.046406055510456,29.96379942887264,Moderate,High Priority Tree Plantation,Optional,Urban Parks + Shade Structures,2
460,59.17275164734727,-130.90626878876287,23.11145249732949,49.42859025620626,Moderate,High Priority Tree Plantation,Optional,Urban Parks + Shade Structures,2
461,-25.784401195153933,-174.76392035956252,20.18054782245115,21.8023609976003,Low,High Priority Tree Plantation,Optional,Routine Monitoring,1
462,-39.43178825627146,-53.78847882962509,24.359884055452834,61.196102428817525,High,High Priority Tree Plantation,Not Required,Cooling Centers + Reflective Roads,3
463,7.685294968484726,32.37036726766792,23.985735835249642,57.6694423512557,High,Existing Green Cover Sufficient,Not Required,Cooling Centers + Reflective Roads,3
464,-64.63363950454273,-38.79214376409635,23.24362439044412,50.67442095552105,High,High Priority Tree Plantation,Not Required,Cooling Centers + Reflective Roads,3
465,54.395456535727135,-22.50902807145755,20.922522855820795,28.79609660139726,Moderate,Existing Green Cover Sufficient,Not Required,Urban Parks + Shade Structures,2
466,-76.58088413764125,145.49713001774944,22.603295823415337,44.63878835880207,Moderate,Existing Green Cover Sufficient,Optional,Urban Parks + Shade Structures,2
468,87.63964858809311,-54.62803187161188,22.294492742873956,41.72806090597078,Moderate,Moderate Tree Plantation,Optional,Urban Parks + Shade Structures,2
469,49.004058473398345,5.036216097531877,21.89174399817095,37.93181695093909,Moderate,High Priority Tree Plantation,Optional,Urban Parks + Shade Structures,2
470,-54.23117732384897,102.11508458681152,20.420685898978537,24.065863325986886,Low,High Priority Tree Plantation,Not Required,Routine Monitoring,1
471,-89.00601891775156,-37.24459836434275,22.95871987324296,47.988957461441906,Moderate,Moderate Tree Plantation,Optional,Urban Parks + Shade Structures,2
472,56.783057121870144,43.95121208203446,21.172073845918664,31.148323517286986,Moderate,High Priority Tree Plantation,Not Required,Urban Parks + Shade Structures,2
473,37.234321892571074,130.45093514882825,19.64772175465032,16.780029418481895,Low,High Priority Tree Plantation,Optional,Routine Monitoring,1
474,41.22129024737771,161.82742451675114,24.136905798302074,59.09434575807661,High,Moderate Tree Plantation,Optional,Cooling Centers + Reflective Roads,3
475,48.82866240347025,-127.05354686554634,24.60796547519212,63.534477414282534,High,Existing Green Cover Sufficient,Recommended,Cooling Centers + Reflective Roads,3
476,-76.67196268786374,153.571545058138,23.344601662342853,51.62621624497339,High,Moderate Tree Plantation,Optional,Cooling Centers + Reflective Roads,3
477,-25.47616886203093,-2.8381344913662474,22.042517804804575,39.352986251993265,Moderate,High Priority Tree Plantation,Recommended,Urban Parks + Shade Structures,2
479,-69.14356928547664,-87.03202021237499,21.859429654165538,37.62722721675676,Moderate,Moderate Tree Plantation,Recommended,Urban Parks + Shade Structures,2
480,65.35861665760683,-14.711127754225942,20.33129956791141,23.22332235363385,Low,High Priority Tree Plantation,Not Required,Routine Monitoring,1
481,22.193662828960427,172.81172710277173,21.01168461207686,29.636520768222894,Moderate,High Priority Tree Plantation,Optional,Urban Parks + Shade Structures,2
482,-30.438355526523143,-2.657486162566954,22.458552106248096,43.274457697187835,Moderate,Existing Green Cover Sufficient,Optional,Urban Parks + Shade Structures,2
483,-78.55949694851574,-61.64942029649704,22.23534278688155,41.170523071701055,Moderate,High Priority Tree Plantation,Not Required,Urban Parks + Shade Structures,2
484,-34.0231820911808,48.02430755402128,20.68571401353838,26.563975091805485,Moderate,High Priority Tree Plantation,Not Required,Urban Parks + Shade Structures,2
485,-31.46700203518553,-93.5475772398505,21.87213180073701,37.74695557785551,Moderate,High Priority Tree Plantation,Optional,Urban Parks + Shade Structures,2
486,41.329112100851546,-152.689201880881,22.738681964792484,45.914916037802186,Moderate,Existing Green Cover Sufficient,Recommended,Urban Parks + Shade Structures,2
487,24.76034484393836,-133.60330011216627,21.781846721164946,36.895943148734865,Moderate,Moderate Tree Plantation,Optional,Urban Parks + Shade Structures,2
488,69.69829366373878,-133.90349797520193,22.756422031641304,46.082131013447494,Moderate,Moderate Tree Plantation,Not Required,Urban Parks + Shade Structures,2
490,-5.001313470849127,-125.31503033557404,22.830860101825536,46.783772117678616,Moderate,Moderate Tree Plantation,Recommended,Urban Parks + Shade Structures,2
491,-68.4730357311057,-130.02221784621236,22.47049179683296,43.38699927255925,Moderate,High Priority Tree Plantation,Not Required,Urban Parks + Shade Structures,2
492,38.38406170013912,50.71490812915727,25.676333363730592,73.60473881659911,High,Moderate Tree Plantation,Optional,Cooling Centers + Reflective Roads,3
493,46.94130875104153,-114.52316961630788,19.471681164523954,15.120699538756913,Low,High Priority Tree Plantation,Optional,Routine Monitoring,1
494,11.029895562509324,-55.55977800340925,23.867975241707608,56.55945021036261,High,High Priority Tree Plantation,Not Required,Cooling Centers + Reflective Roads,3
495,48.77409239182097,142.84382756616424,23.327747102805304,51.46734791676463,High,Moderate Tree Plantation,Recommended,Cooling Centers + Reflective Roads,3
496,-1.1167926544096645,-9.373809505365957,22.468554732195834,43.368740817341425,Moderate,Existing Green Cover Sufficient,Optional,Urban Parks + Shade Structures,2
497,4.091909288758927,60.32078586756978,19.772513627709973,17.956297252883548,Low,High Priority Tree Plantation,Optional,Routine Monitoring,1
498,-13.042616695461064,-117.96484636741326,20.852544877678632,28.136495597045474,Moderate,High Priority Tree Plantation,Not Required,Urban Parks + Shade Structures,2
499,-85.42455718606287,-110.77595322887852,19.718066709499524,17.443089485398293,Low,High Priority Tree Plantation,Optional,Routine Monitoring,1
2,-70.57954314120519,-165.28729814406762,26.017797290060603,76.82332207288609,Extreme,High Priority Tree Plantation,Recommended,Cooling Centers + Reflective Pavements + Water Features,4
3,-84.34274657638784,-119.18337729402076,20.441764971534884,24.264551224638726,Low,Existing Green Cover Sufficient,Not Required,Routine Monitoring,1
4,24.553874027480475,-79.7074779484949,24.289277406724693,60.53057567809628,High,Moderate Tree Plantation,Not Required,Cooling Centers + Reflective Roads,3
5,-33.4159234062612,-116.27622566037115,20.84433742435415,28.059133481138097,Moderate,Moderate Tree Plantation,Not Required,Urban Parks + Shade Structures,2
6,1.542724409646496,-148.06708784746,22.111037257239587,39.9988394310027,Moderate,Moderate Tree Plantation,Optional,Urban Parks + Shade Structures,2
7,73.36196530669673,-136.5710864037837,24.01353528645204,57.931475442527336,High,High Priority Tree Plantation,Not Required,Cooling Centers + Reflective Roads,3
8,-45.12739875320251,-14.11964350821873,23.34160106990255,51.59793315020813,High,Moderate Tree Plantation,Recommended,Cooling Centers + Reflective Roads,3
9,-16.131073853586642,-105.7198613739147,21.03686604560791,29.873876852080517,Moderate,Moderate Tree Plantation,Not Required,Urban Parks + Shade Structures,2
10,45.99920493774877,-48.86285002269284,24.279294455949874,60.43647801291241,High,Moderate Tree Plantation,Optional,Cooling Centers + Reflective Roads,3
11,-48.81633021150796,1.2302175077484776,22.151819196855843,40.383243339838835,Moderate,Existing Green Cover Sufficient,Optional,Urban Parks + Shade Structures,2
13,-76.14361623081726,68.5421383065715,22.65545453076798,45.13042782408644,Moderate,Moderate Tree Plantation,Optional,Urban Parks + Shade Structures,2
14,-37.84473847552176,-165.84762965720438,25.16280558524888,68.76430976389125,High,High Priority Tree Plantation,Optional,Cooling Centers + Reflective Roads,3
15,-60.9801682942792,107.78774360725538,24.289172284478944,60.529584812959605,High,Existing Green Cover Sufficient,Not Required,Cooling Centers + Reflective Roads,3
16,77.34557742166317,46.04414021672679,25.188968317538002,69.01091540973364,High,High Priority Tree Plantation,Not Required,Cooling Centers + Reflective Roads,3
17,55.461668321595056,-150.56674849840613,20.957326953797487,29.124154350284304,Moderate,High Priority Tree Plantation,Not Required,Urban Parks + Shade Structures,2
18,24.012676171876222,134.48830467843982,21.624079496258123,35.40885502808459,Moderate,High Priority Tree Plantation,Recommended,Urban Parks + Shade Structures,2
19,66.86290623378918,151.51406419145275,24.94947796915166,66.75351846112112,High,High Priority Tree Plantation,Optional,Cooling Centers + Reflective Roads,3
20,54.660973841840615,-158.01193445224905,25.041159530642837,67.61769390096117,High,Moderate Tree Plantation,Recommended,Cooling Centers + Reflective Roads,3
21,-56.41738940051355,-80.32404666700666,23.52143912017739,53.29305726969855,High,Moderate Tree Plantation,Recommended,Cooling Centers + Reflective Roads,3
22,70.660619728196,110.23246072550204,22.485217429602436,43.52580068440813,Moderate,Existing Green Cover Sufficient,Not Required,Urban Parks + Shade Structures,2
24,7.081603544817128,89.37348853811699,21.893342330803566,37.94688257354997,Moderate,Moderate Tree Plantation,Not Required,Urban Parks + Shade Structures,2
25,55.33922792953126,-113.57243303170416,21.634854703498796,35.51042037345092,Moderate,Moderate Tree Plantation,Not Required,Urban Parks + Shade Structures,2
26,71.29643398622878,-104.6342435987843,19.607457889748595,16.4005087973758,Low,High Priority Tree Plantation,Not Required,Routine Monitoring,1
27,-32.7593745050645,-46.630042995102485,22.78330963090437,46.33556913711688,Moderate,High Priority Tree Plantation,Optional,Urban Parks + Shade Structures,2
28,-70.19065358501818,-5.571725331232329,26.802597101006118,84.22071704281677,Extreme,Moderate Tree Plantation,Optional,Cooling Centers + Reflective Pavements + Water Features,4
29,-48.9716707424505,42.571717750906544,22.58821157949061,44.49660673671485,Moderate,Moderate Tree Plantation,Optional,Urban Parks + Shade Structures,2
30,-13.12059804727386,-47.19108975488194,22.66057519320649,45.178694352743875,Moderate,Existing Green Cover Sufficient,Optional,Urban Parks + Shade Structures,2
31,57.24265786604877,-13.487502192066756,19.944557131254147,19.57795124664997,Low,High Priority Tree Plantation,Not Required,Routine Monitoring,1
32,64.93150498614182,89.08953772815238,23.700704705789548,54.9827854306819,High,High Priority Tree Plantation,Not Required,Cooling Centers + Reflective Roads,3
33,-88.74861650438568,-166.79404695938476,17.86750534484462,0.0,Low,Moderate Tree Plantation,Not Required,Routine Monitoring,1
35,1.9345144639618328,-89.12270003615252,21.39497099825379,33.2493157072688,Moderate,High Priority Tree Plantation,Recommended,Urban Parks + Shade Structures,2
36,-14.866019433219776,76.80585091843886,26.249117979524588,79.00371314945909,Extreme,High Priority Tree Plantation,Not Required,Cooling Centers + Reflective Pavements + Water Features,4
37,-50.02059411526856,142.27446156739177,20.593566104999777,25.695403940785646,Moderate,Moderate Tree Plantation,Optional,Urban Parks + Shade Structures,2
38,-68.42423387993709,4.203879161639804,23.008106310244404,48.45446595871989,Moderate,High Priority Tree Plantation,Recommended,Urban Parks + Shade Structures,2
39,-29.22926914734697,11.560854695513626,25.655470035982155,73.40808449330568,High,Moderate Tree Plantation,Optional,Cooling Centers + Reflective Roads,3
40,79.72374670425344,-141.41807591768062,28.476642941736614,100.0,Extreme,High Priority Tree Plantation,Recommended,Cooling Centers + Reflective Pavements + Water Features,4
41,-31.82347223626406,-18.931547943556325,21.26539000127066,32.027906372158554,Moderate,High Priority Tree Plantation,Optional,Urban Parks + Shade Structures,2
42,3.382311913805893,11.742215923808343,22.79003154522629,46.398928804766875,Moderate,High Priority Tree Plantation,Recommended,Urban Parks + Shade Structures,2
43,36.54341260113202,-92.71061869149732,22.357571589441726,42.32263182176557,Moderate,Existing Green Cover Sufficient,Recommended,Urban Parks + Shade Structures,2
44,-24.54667157172709,-83.07243685822286,26.74052452270711,83.63563104754046,Extreme,High Priority Tree Plantation,Not Required,Cooling Centers + Reflective Pavements + Water Features,4
46,84.92077488977293,-44.177701282335846,24.21852470821353,59.86367228594977,High,Moderate Tree Plantation,Optional,Cooling Centers + Reflective Roads,3
47,83.24051308958002,-172.77436880001852,23.202704140745272,50.28871335841312,High,High Priority Tree Plantation,Recommended,Cooling Centers + Reflective Roads,3
48,-44.67918675143445,-64.05150039005582,26.16987238627153,78.2567571171773,Extreme,Moderate Tree Plantation,Not Required,Cooling Centers + Reflective Pavements + Water Features,4
49,-0.495268939370618,-103.87871748124392,22.24867157714139,41.29615807396313,Moderate,High Priority Tree Plantation,Not Required,Urban Parks + Shade Structures,2
50,-35.84190423298146,-62.10095321595072,23.190294489934452,50.1717420146306,High,Moderate Tree Plantation,Recommended,Cooling Centers + Reflective Roads,3
51,-38.72871101205583,-136.88563254506957,20.112891218497918,21.164640887597653,Low,Moderate Tree Plantation,Not Required,Routine Monitoring,1
52,-83.3603494761841,140.58982106636216,24.658075503492913,64.00680636508692,High,Existing Green Cover Sufficient,Not Required,Cooling Centers + Reflective Roads,3
53,19.721580116381432,33.69328327945752,20.44300672576608,24.276255797417186,Low,High Priority Tree Plantation,Recommended,Routine Monitoring,1
54,0.4822241811950647,64.47683489201626,26.054938811657557,77.17341199544336,Extreme,High Priority Tree Plantation,Not Required,Cooling Centers + Reflective Pavements + Water Features,4
55,-80.73382477500192,104.10164589864178,24.128636161443616,59.01639751032383,High,High Priority Tree Plantation,Optional,Cooling Centers + Reflective Roads,3
57,-39.84363643740994,-0.5608083855393886,23.24049947132092,50.644965977728,High,Existing Green Cover Sufficient,Not Required,Cooling Centers + Reflective Roads,3
58,73.48785947399767,-148.70869628852748,22.175748348524756,40.60879561918643,Moderate,Moderate Tree Plantation,Not Required,Urban Parks + Shade Structures,2
59,-46.878859679944966,13.35835505467719,21.373528856389427,33.04720557655805,Moderate,Moderate Tree Plantation,Not Required,Urban Parks + Shade Structures,2
60,-63.91892302357984,31.262802487516492,21.716997897473274,36.28468871735987,Moderate,High Priority Tree Plantation,Not Required,Urban Parks + Shade Structures,2
61,-1.898503150038664,88.35821070635882,21.50510540891447,34.28742469261126,Moderate,High Priority Tree Plantation,Not Required,Urban Parks + Shade Structures,2
62,87.41708173990813,-24.602563357315432,25.208493813387424,69.19495954782778,High,High Priority Tree Plantation,Recommended,Cooling Centers + Reflective Roads,3
63,-46.43005112792993,-134.07109099359704,22.495078627230868,43.61875072429941,Moderate,Existing Green Cover Sufficient,Optional,Urban Parks + Shade Structures,2
64,30.98439853305814,-77.8406739124592,23.247112645357024,50.70730067718596,High,Moderate Tree Plantation,Not Required,Cooling Centers + Reflective Roads,3
65,47.09153075916916,-49.29037329649137,20.58574346833942,25.62166904396756,Moderate,Existing Green Cover Sufficient,Not Required,Urban Parks + Shade Structures,2
66,-47.22524208136806,52.53020687937644,21.599414089099287,35.17636292461652,Moderate,High Priority Tree Plantation,Not Required,Urban Parks + Shade Structures,2
68,41.07894275013473,25.48018968080828,23.150537109607097,49.79699543448442,Moderate,Moderate Tree Plantation,Not Required,Urban Parks + Shade Structures,2
69,-23.799036110534416,-51.80517867677534,23.287097015129085,51.0841868228023,High,Moderate Tree Plantation,Not Required,Cooling Centers + Reflective Roads,3
70,23.815049506844304,175.1454895654727,22.01229917202748,39.06815034991251,Moderate,High Priority Tree Plantation,Optional,Urban Parks + Shade Structures,2
71,24.035347936961045,38.07893496847939,25.841620931511617,75.16271246216148,Extreme,Existing Green Cover Sufficient,Not Required,Cooling Centers + Reflective Pavements + Water Features,4
72,6.439443133456521,-94.598354975042,22.31551149776836,41.92618026018257,Moderate,Existing Green Cover Sufficient,Recommended,Urban Parks + Shade Structures,2
73,-73.7478413902065,-143.35830985665467,24.342138190782773,61.028832803855174,High,Existing Green Cover Sufficient,Recommended,Cooling Centers + Reflective Roads,3
74,60.35444920606284,-124.97070989364047,25.161974279479946,68.75647401134924,High,Moderate Tree Plantation,Not Required,Cooling Centers + Reflective Roads,3
75,-32.25958830508755,-91.45521778157708,20.602261783196404,25.77736798467904,Moderate,High Priority Tree Plantation,Not Required,Urban Parks + Shade Structures,2
76,-56.42666812802624,-122.15470562655996,26.636622752926858,82.65626991821841,Extreme,High Priority Tree Plantation,Recommended,Cooling Centers + Reflective Pavements + Water Features,4
77,-82.6604745201425,-112.83587134152992,21.064333516008414,30.132780746479554,Moderate,Existing Green Cover Sufficient,Optional,Urban Parks + Shade Structures,2
79,16.36072977388352,-77.36573927021504,24.38353349453468,61.41901818295739,High,High Priority Tree Plantation,Not Required,Cooling Centers + Reflective Roads,3
80,31.961585131610832,-117.58550569388828,21.276879248025224,32.13620213748005,Moderate,Moderate Tree Plantation,Optional,Urban Parks + Shade Structures,2
81,-87.01419079298589,142.83555286551308,23.843809254368146,56.33166555662656,High,Moderate Tree Plantation,Not Required,Cooling Centers + Reflective Roads,3
82,2.1767504938705717,-151.1158515618088,21.292044960379833,32.27915166769495,Moderate,Moderate Tree Plantation,Recommended,Urban Parks + Shade Structures,2
83,-49.230760464371166,8.824100245291675,22.00467171785552,38.99625521138405,Moderate,Existing Green Cover Sufficient,Not Required,Urban Parks + Shade Structures,2
84,26.13110227370097,-32.25714228372186,23.80300390963185,55.94704103494773,High,High Priority Tree Plantation,Not Required,Cooling Centers + Reflective Roads,3
85,-58.61404277910154,173.6563020870983,22.400023424439127,42.72277589200401,Moderate,High Priority Tree Plantation,Not Required,Urban Parks + Shade Structures,2
86,34.36879285844387,-139.66599521950116,19.561901790015213,15.971104434228245,Low,High Priority Tree Plantation,Optional,Routine Monitoring,1
87,-20.38763766590327,-36.771984343533006,22.38665966798722,42.596811304120635,Moderate,Moderate Tree Plantation,Not Required,Urban Parks + Shade Structures,2
88,78.61139797261222,169.0093559791328,20.422938486397562,24.08709584746616,Low,High Priority Tree Plantation,Recommended,Routine Monitoring,1
90,-65.2462300537212,131.58256532183287,24.203693805923546,59.723878620776375,High,High Priority Tree Plantation,Optional,Cooling Centers + Reflective Roads,3
91,-28.60805681095347,114.1459455417408,21.385090073166598,33.15617971956999,Moderate,Existing Green Cover Sufficient,Not Required,Urban Parks + Shade Structures,2
92,-69.57476617669397,-87.15498226382167,26.27611512437021,79.25818383191617,Extreme,Existing Green Cover Sufficient,Optional,Cooling Centers + Reflective Pavements + Water Features,4
93,76.44485129014129,-118.48046853957632,26.57232603078311,82.05021950595321,Extreme,High Priority Tree Plantation,Not Required,Cooling Centers + Reflective Pavements + Water Features,4
94,67.9210836085766,60.71155917279515,24.449731681274418,62.042991490261166,High,High Priority Tree Plantation,Optional,Cooling Centers + Reflective Roads,3
95,-43.57050701127199,154.57535608593088,20.554156754030007,25.323937828579552,Moderate,Existing Green Cover Sufficient,Not Required,Urban Parks + Shade Structures,2
96,28.79712828615223,20.43464148501471,24.6806427306125,64.21952136584436,High,High Priority Tree Plantation,Recommended,Cooling Centers + Reflective Roads,3
97,57.09999603621884,25.78056820916396,27.346688011609217,89.34922919221611,Extreme,High Priority Tree Plantation,Recommended,Cooling Centers + Reflective Pavements + Water Features,4
98,9.936146087903223,-79.20752628229769,21.649388222310126,35.64741095047565,Moderate,High Priority Tree Plantation,Not Required,Urban Parks + Shade Structures,2
99,5.337104104081163,97.01745594909728,22.572839725106856,44.35171414536739,Moderate,Moderate Tree Plantation,Not Required,Urban Parks + Shade Structures,2
101,-46.4665876379187,-112.66425051929158,24.003099837081876,57.83311259941348,High,High Priority Tree Plantation,Optional,Cooling Centers + Reflective Roads,3
102,-73.24150179493815,-63.47547489447227,20.9732866989211,29.27458830382534,Moderate,Existing Green Cover Sufficient,Optional,Urban Parks + Shade Structures,2
103,71.49883643159882,-26.842882098089973,24.065031233637214,58.41686783860918,High,Moderate Tree Plantation,Recommended,Cooling Centers + Reflective Roads,3
104,72.07525028939949,2.7397363264038006,23.746717949317098,55.41649875664565,High,Moderate Tree Plantation,Recommended,Cooling Centers + Reflective Roads,3
105,23.95826230918823,-92.73249633057112,21.689558261408838,36.026047184871175,Moderate,High Priority Tree Plantation,Recommended,Urban Parks + Shade Structures,2
106,-28.97463761123388,-138.65874309388673,20.631533154347142,26.05327515322508,Moderate,Moderate Tree Plantation,Recommended,Urban Parks + Shade Structures,2
107,-27.14227656972104,39.82321527898773,19.936106348046813,19.498295542968556,Low,Moderate Tree Plantation,Optional,Routine Monitoring,1
108,40.6720221966431,-76.09300083350792,20.105629885363125,21.096196746229182,Low,Moderate Tree Plantation,Recommended,Routine Monitoring,1
109,71.47984679146387,29.245759712140423,19.699286958260043,17.266074614321653,Low,Moderate Tree Plantation,Recommended,Routine Monitoring,1
110,69.67555636772113,-124.42942250128718,23.261339958698535,50.8414050114127,High,Moderate Tree Plantation,Not Required,Cooling Centers + Reflective Roads,3
113,50.37759825437229,-6.789563332265715,22.712280800737847,45.66606297304063,Moderate,Existing Green Cover Sufficient,Optional,Urban Parks + Shade Structures,2
114,25.5656963077718,11.73219571857092,25.556979256006247,72.47972647102156,High,Existing Green Cover Sufficient,Not Required,Cooling Centers + Reflective Roads,3
115,-74.85480630089121,-161.3435267439263,21.094642490796343,30.418468197614203,Moderate,Moderate Tree Plantation,Optional,Urban Parks + Shade Structures,2
116,-60.90683146296952,-58.822459850188594,20.600449204875915,25.760282917170628,Moderate,High Priority Tree Plantation,Optional,Urban Parks + Shade Structures,2
117,71.73975393487427,-131.61071630196926,23.337717327728534,51.561325630147756,High,High Priority Tree Plantation,Recommended,Cooling Centers + Reflective Roads,3
118,19.157230738726184,-157.18501062980363,23.66180552335156,54.61612808381723,High,High Priority Tree Plantation,Not Required,Cooling Centers + Reflective Roads,3
119,-88.34453070900666,176.38568366038027,20.528607340473105,25.083113225037913,Moderate,Moderate Tree Plantation,Not Required,Urban Parks + Shade Structures,2
120,-71.73512228411423,-63.952615809099726,23.389791991350567,52.05217291293999,High,Moderate Tree Plantation,Optional,Cooling Centers + Reflective Roads,3
121,29.430318439450048,111.55480050766856,21.1075109444435,30.5397641420737,Moderate,Moderate Tree Plantation,Optional,Urban Parks + Shade Structures,2
122,-89.08891490768063,-88.32936428504502,25.129285937855066,68.44835903662731,High,Existing Green Cover Sufficient,Recommended,Cooling Centers + Reflective Roads,3
124,-61.054550744850246,65.34098000061454,22.99086517220246,48.29195380460292,Moderate,Existing Green Cover Sufficient,Recommended,Urban Parks + Shade Structures,2
125,8.772082085985502,93.68202956028716,20.523544165823647,25.035388566900373,Moderate,Existing Green Cover Sufficient,Recommended,Urban Parks + Shade Structures,2
126,34.54113558468478,34.42994661882395,22.130483661620083,40.18213806581532,Moderate,High Priority Tree Plantation,Not Required,Urban Parks + Shade Structures,2
127,27.3530267104681,-10.23257212194298,22.05437303735532,39.464731739715255,Moderate,Moderate Tree Plantation,Optional,Urban Parks + Shade Structures,2
128,-49.63152429709924,-31.737270906983326,21.30049778034207,32.35882656949576,Moderate,High Priority Tree Plantation,Optional,Urban Parks + Shade Structures,2
129,38.19225984255647,-54.40742404452169,21.335728849348662,32.69090887764598,Moderate,High Priority Tree Plantation,Not Required,Urban Parks + Shade Structures,2
130,-47.29516425057599,154.63049192921733,26.117128499871498,77.75960184967015,Extreme,High Priority Tree Plantation,Recommended,Cooling Centers + Reflective Pavements + Water Features,4
131,-31.428054331331808,119.02298680358253,20.39533383573021,23.82689891425417,Low,High Priority Tree Plantation,Optional,Routine Monitoring,1
132,44.36845292124434,167.40968783994452,22.526614288497736,43.91600072203822,Moderate,Moderate Tree Plantation,Optional,Urban Parks + Shade Structures,2
133,26.93392182849864,-135.2529995452039,27.740980101533502,93.0657620990925,Extreme,Existing Green Cover Sufficient,Not Required,Cooling Centers + Reflective Pavements + Water Features,4
135,62.86021388895202,83.11229107331195,20.97428169973985,29.28396701919842,Moderate,High Priority Tree Plantation,Optional,Urban Parks + Shade Structures,2
136,28.37032061406181,157.80256445557364,18.860000209967602,9.355094663054787,Low,Moderate Tree Plantation,Recommended,Routine Monitoring,1
137,12.29554860038489,-114.75609618036236,20.55771676106606,25.357493874050174,Moderate,Moderate Tree Plantation,Recommended,Urban Parks + Shade Structures,2
138,-73.13854179094335,-156.0613437479601,20.71979818481945,26.885246929122914,Moderate,High Priority Tree Plantation,Not Required,Urban Parks + Shade Structures,2
139,-23.811155449301964,86.80343374442128,19.35308294995516,14.002812118731942,Low,Moderate Tree Plantation,Not Required,Routine Monitoring,1
140,-42.26357381728942,26.81032074476829,24.26463027261569,60.2982558134145,High,High Priority Tree Plantation,Not Required,Cooling Centers + Reflective Roads,3
141,-46.08186419176496,123.05835963297795,19.920224724239176,19.34859794820563,Low,Moderate Tree Plantation,Recommended,Routine Monitoring,1
142,85.14189985544022,-129.6819444145358,23.88734700260981,56.742045267927686,High,Moderate Tree Plantation,Optional,Cooling Centers + Reflective Roads,3
143,-19.24240955998313,106.29623226956043,26.391048387889075,80.3415260213184,Extreme,High Priority Tree Plantation,Optional,Cooling Centers + Reflective Pavements + Water Features,4
144,70.5683799318804,-107.41416478281197,24.59710174770285,63.432077691495905,High,High Priority Tree Plantation,Not Required,Cooling Centers + Reflective Roads,3
146,23.60495267950732,-121.08386056834638,22.529311371323633,43.94142298469873,Moderate,Moderate Tree Plantation,Not Required,Urban Parks + Shade Structures,2
147,53.06603463749673,-120.86431274484256,21.218400040796794,31.584986671620108,Moderate,Existing Green Cover Sufficient,Recommended,Urban Parks + Shade Structures,2
148,0.4746767589345779,113.24689928329758,23.461827575011522,52.73116857119272,High,High Priority Tree Plantation,Optional,Cooling Centers + Reflective Roads,3
149,13.842699232744636,59.47099945063204,21.890237433641214,37.91761631949308,Moderate,Moderate Tree Plantation,Not Required,Urban Parks + Shade Structures,2
150,-1.346815112604503,8.30355291688295,21.40051434401005,33.30156637991426,Moderate,Moderate Tree Plantation,Not Required,Urban Parks + Shade Structures,2
151,-54.85626219635199,-50.82102571553909,21.423408336655044,33.5173614191991,Moderate,Existing Green Cover Sufficient,Recommended,Urban Parks + Shade Structures,2
152,40.04138074707095,135.79219469271897,24.019775285607146,57.99029265644427,High,Existing Green Cover Sufficient,Not Required,Cooling Centers + Reflective Roads,3
153,-39.46097476064595,-38.71976132785127,21.630808131288347,35.472278044034496,Moderate,Moderate Tree Plantation,Not Required,Urban Parks + Shade Structures,2
154,-85.62312604233831,113.97579820976772,21.019549000866547,29.710649213799773,Moderate,Moderate Tree Plantation,Optional,Urban Parks + Shade Structures,2
155,26.1850132632902,-21.91143291472136,22.59312837324927,44.54295163245926,Moderate,Existing Green Cover Sufficient,Not Required,Urban Parks + Shade Structures,2
157,-58.1200777067312,-44.30000540703327,21.98550113398037,38.815556415651926,Moderate,High Priority Tree Plantation,Not Required,Urban Parks + Shade Structures,2
158,79.28254518352458,-13.435277158941688,25.144009420643474,68.58714018310543,High,High Priority Tree Plantation,Recommended,Cooling Centers + Reflective Roads,3
159,81.70714386046572,-71.50396530090885,23.204194014770493,50.302756667886804,High,High Priority Tree Plantation,Recommended,Cooling Centers + Reflective Roads,3
160,74.67559023968073,89.13937686345042,25.23967069250965,69.48882772361014,High,Existing Green Cover Sufficient,Optional,Cooling Centers + Reflective Roads,3
161,-23.37143395402001,0.9793404332924922,19.160036643600915,12.183189132497905,Low,Existing Green Cover Sufficient,Recommended,Routine Monitoring,1
162,-87.21780902480387,-96.40342974714576,21.364691473136173,32.963905843921495,Moderate,High Priority Tree Plantation,Recommended,Urban Parks + Shade Structures,2
163,77.09734126579056,143.84684637884465,24.464139534811498,62.178797566914376,High,Moderate Tree Plantation,Optional,Cooling Centers + Reflective Roads,3
164,-12.926853302883416,-41.79916030564388,19.349443670440458,13.968508863811701,Low,Moderate Tree Plantation,Not Required,Routine Monitoring,1
165,83.99786742786051,15.679030001035898,19.759829441331526,17.836738181633844,Low,High Priority Tree Plantation,Optional,Routine Monitoring,1
166,83.45159587606551,146.3299599472369,25.123124812731714,68.39028527646458,High,Existing Green Cover Sufficient,Recommended,Cooling Centers + Reflective Roads,3
168,63.54170198412481,44.72567852903717,21.351581030515135,32.84032895087716,Moderate,High Priority Tree Plantation,Not Required,Urban Parks + Shade Structures,2
169,-36.99919942747458,-137.91670534498894,23.406869187065023,52.21313977342693,High,High Priority Tree Plantation,Recommended,Cooling Centers + Reflective Roads,3
170,-20.68240885165345,158.33956450085105,19.965587005351814,19.776175408657522,Low,Moderate Tree Plantation,Recommended,Routine Monitoring,1
171,63.20460087303425,45.97489910571042,18.456089576849497,5.547898937396247,Low,Moderate Tree Plantation,Not Required,Routine Monitoring,1
172,-32.95403907187002,-59.433978723449,21.73960187157348,36.497750089160995,Moderate,High Priority Tree Plantation,Recommended,Urban Parks + Shade Structures,2
173,-59.49130559650335,-129.8620538411806,23.423164163309178,52.36673356081383,High,Moderate Tree Plantation,Not Required,Cooling Centers + Reflective Roads,3
174,10.224227242503034,105.84906813730656,23.41732661569273,52.311709789436236,High,Moderate Tree Plantation,Not Required,Cooling Centers + Reflective Roads,3
175,78.50785934894057,43.22619213426486,23.04986935452105,48.848117600007676,Moderate,High Priority Tree Plantation,Recommended,Urban Parks + Shade Structures,2
176,35.28536340149515,12.045993111475752,20.915918522151323,28.73384522979278,Moderate,High Priority Tree Plantation,Not Required,Urban Parks + Shade Structures,2
177,12.611010616085691,141.80132989834476,19.61911087275106,16.51034791385479,Low,Moderate Tree Plantation,Optional,Routine Monitoring,1
179,-72.50823112126166,103.89499604083107,23.494203493806943,53.03633869929914,High,High Priority Tree Plantation,Optional,Cooling Centers + Reflective Roads,3
180,20.70130080585055,-125.39704329620956,22.716942515624442,45.710003536955654,Moderate,Existing Green Cover Sufficient,Not Required,Urban Parks + Shade Structures,2
181,88.20969301876738,-67.78005559360264,27.288953683481928,88.80503483522895,Extreme,Existing Green Cover Sufficient,Not Required,Cooling Centers + Reflective Pavements + Water Features,4
182,-64.78487725742568,-90.54390966679232,21.6800269715006,35.93620680132265,Moderate,Existing Green Cover Sufficient,Recommended,Urban Parks + Shade Structures,2
183,3.299337425472615,87.82066532616369,23.572211879661374,53.771633016504374,High,High Priority Tree Plantation,Not Required,Cooling Centers + Reflective Roads,3
184,67.92715294703197,-167.92832349511943,19.798444740297427,18.200719689209105,Low,Existing Green Cover Sufficient,Optional,Routine Monitoring,1
185,43.33835119575679,25.16028655367396,21.27780715961898,32.14494848076461,Moderate,Moderate Tree Plantation,Not Required,Urban Parks + Shade Structures,2
186,35.46283337914824,94.4851268666486,24.85331198425987,65.84707357798604,High,High Priority Tree Plantation,Recommended,Cooling Centers + Reflective Roads,3
187,36.44713511767967,135.63562923422978,23.152840996878794,49.81871150000489,Moderate,High Priority Tree Plantation,Not Required,Urban Parks + Shade Structures,2
188,-25.291592780444063,-56.85057046227331,22.98447495525125,48.23172066224946,Moderate,High Priority Tree Plantation,Recommended,Urban Parks + Shade Structures,2
190,-37.1534680323912,115.65262968192462,22.70653890690644,45.61194081863396,Moderate,Moderate Tree Plantation,Recommended,Urban Parks + Shade Structures,2
191,55.68500798613246,-140.1725746961254,24.021953655903882,58.01082561943812,High,Moderate Tree Plantation,Not Required,Cooling Centers + Reflective Roads,3
192,55.82041104225255,124.72282502442653,22.160571690423236,40.46574291614706,Moderate,High Priority Tree Plantation,Not Required,Urban Parks + Shade Structures,2
193,66.07301734441867,-134.10408156048632,26.563989822760245,81.97164376926649,Extreme,Moderate Tree Plantation,Not Required,Cooling Centers + Reflective Pavements + Water Features,4
194,74.38329946016484,-36.97657539826778,26.96628941411873,85.76365407815663,Extreme,High Priority Tree Plantation,Not Required,Cooling Centers + Reflective Pavements + Water Features,4
195,2.041631794968808,107.02633168063932,25.88755195694639,75.5956508137974,Extreme,Moderate Tree Plantation,Optional,Cooling Centers + Reflective Pavements + Water Features,4
196,0.2729330436959287,-126.02972615444143,22.837586248070235,46.84717167474223,Moderate,High Priority Tree Plantation,Optional,Urban Parks + Shade Structures,2
197,53.69313221401953,-97.46949771624908,22.873502784408103,47.185715086116126,Moderate,Existing Green Cover Sufficient,Recommended,Urban Parks + Shade Structures,2
198,26.99350753999772,80.01092462150388,23.049160771132883,48.84143860860337,Moderate,Existing Green Cover Sufficient,Recommended,Urban Parks + Shade Structures,2
199,36.35403790638661,79.21315315658677,22.558086622726414,44.21265380944749,Moderate,Moderate Tree Plantation,Recommended,Urban Parks + Shade Structures,2
201,53.2426804984982,50.81314783870704,22.100252860833145,39.89718747005912,Moderate,High Priority Tree Plantation,Optional,Urban Parks + Shade Structures,2
202,70.20096152716192,69.821440008156,24.91812653780167,66.45800498451983,High,High Priority Tree Plantation,Recommended,Cooling Centers + Reflective Roads,3
203,-29.160871766723552,15.380799605134628,24.384436574096448,61.42753046356001,High,Existing Green Cover Sufficient,Recommended,Cooling Centers + Reflective Roads,3
204,-22.39506852481007,-89.35233879349701,21.508095436880392,34.31560820836468,Moderate,High Priority Tree Plantation,Not Required,Urban Parks + Shade Structures,2
205,-73.08325082864357,-55.549442338589,22.451685962356837,43.20973854514978,Moderate,High Priority Tree Plantation,Optional,Urban Parks + Shade Structures,2
206,14.090425379311313,-114.62482195148677,24.250544562579236,60.165486208837216,High,High Priority Tree Plantation,Not Required,Cooling Centers + Reflective Roads,3
207,-83.53039071658642,147.04220208010622,24.125519681726388,58.98702208099448,High,Moderate Tree Plantation,Not Required,Cooling Centers + Reflective Roads,3
208,-6.192356736157166,30.02104611580336,24.352119702860044,61.12291690811068,High,Moderate Tree Plantation,Recommended,Cooling Centers + Reflective Roads,3
209,7.676034247363788,-35.69348996508964,22.89887896208646,47.424906796531786,Moderate,Existing Green Cover Sufficient,Optional,Urban Parks + Shade Structures,2
210,-38.4225746169088,-13.677910688112236,20.62448288233565,25.98682043956806,Moderate,High Priority Tree Plantation,Optional,Urban Parks + Shade Structures,2
212,16.349986902421932,161.02200226025354,22.72084534802518,45.746790998378344,Moderate,High Priority Tree Plantation,Optional,Urban Parks + Shade Structures,2
213,-84.5099550109711,-124.79349487821112,23.18223607186528,50.095784680723156,High,Existing Green Cover Sufficient,Optional,Cooling Centers + Reflective Roads,3
214,-83.2773260251414,31.042739526047,23.211696866538958,50.373477324490054,High,Existing Green Cover Sufficient,Optional,Cooling Centers + Reflective Roads,3
215,58.06810091873848,2.119924398407761,23.321989503767995,51.41307772764957,High,High Priority Tree Plantation,Not Required,Cooling Centers + Reflective Roads,3
216,-25.16568454597268,40.123524756473216,21.74347219971739,36.53423117076225,Moderate,Moderate Tree Plantation,Optional,Urban Parks + Shade Structures,2
217,-67.12910772266073,-173.48033382449742,18.328952858498344,4.349528973862186,Low,High Priority Tree Plantation,Optional,Routine Monitoring,1
218,4.003786809864792,133.96460721989456,21.164987544314513,31.081529194568176,Moderate,Existing Green Cover Sufficient,Not Required,Urban Parks + Shade Structures,2
219,48.59883955774996,155.56258169410046,24.253775833642724,60.195943642667025,High,High Priority Tree Plantation,Recommended,Cooling Centers + Reflective Roads,3
220,-51.15221505056823,23.447946092115217,20.26287788852029,22.578390767383464,Low,Existing Green Cover Sufficient,Not Required,Routine Monitoring,1
221,22.120285647420047,70.7942965956812,20.11465327795582,21.181249772549986,Low,Moderate Tree Plantation,Optional,Routine Monitoring,1
224,-74.63745630112176,152.09977722382644,20.989102209360894,29.423662724770043,Moderate,Moderate Tree Plantation,Not Required,Urban Parks + Shade Structures,2
225,-80.69729018965062,74.60590835282349,25.381557642216062,70.82623096124917,High,High Priority Tree Plantation,Not Required,Cooling Centers + Reflective Roads,3
226,5.643833682266646,-125.08594455086592,23.388146190507214,52.03665986271964,High,Moderate Tree Plantation,Not Required,Cooling Centers + Reflective Roads,3
227,7.314321889819169,27.46380966005273,21.82671351065841,37.31885018602891,Moderate,Moderate Tree Plantation,Recommended,Urban Parks + Shade Structures,2
228,24.737382269677184,38.41741669782812,21.205381598827447,31.46227696170777,Moderate,High Priority Tree Plantation,Recommended,Urban Parks + Shade Structures,2
229,40.69644007007909,-27.312958331141036,22.23264619228601,41.145105411020225,Moderate,Moderate Tree Plantation,Not Required,Urban Parks + Shade Structures,2
230,85.65337430325624,85.11992482490024,25.112807399603195,68.29303502370566,High,Existing Green Cover Sufficient,Optional,Cooling Centers + Reflective Roads,3
231,2.9340626942151573,156.37212531684537,23.650419974617083,54.508809759113696,High,Moderate Tree Plantation,Recommended,Cooling Centers + Reflective Roads,3
232,-31.867834870575727,153.20466464643948,21.32035615896124,32.54600840626434,Moderate,Moderate Tree Plantation,Optional,Urban Parks + Shade Structures,2
233,53.13351505836667,-17.697826294512453,22.05126070915603,39.43539544191663,Moderate,High Priority Tree Plantation,Not Required,Urban Parks + Shade Structures,2
235,-41.25019477282664,-139.2343034973281,18.935540223922093,10.067122509471078,Low,Moderate Tree Plantation,Recommended,Routine Monitoring,1
236,-10.985144272985508,174.54283162644043,22.698889321547025,45.53983707514347,Moderate,High Priority Tree Plantation,Recommended,Urban Parks + Shade Structures,2
237,-75.87785135839212,122.0033111205363,23.419369433578083,52.33096505751714,High,Moderate Tree Plantation,Recommended,Cooling Centers + Reflective Roads,3
238,-85.43686618521765,-135.12143476682394,23.835490638559214,56.25325564127803,High,Existing Green Cover Sufficient,Not Required,Cooling Centers + Reflective Roads,3
239,83.27671464202652,151.50307774225405,19.642779164010552,16.73344136554519,Low,Moderate Tree Plantation,Recommended,Routine Monitoring,1
240,60.47642169219705,133.1626903423662,19.65853794155948,16.881981031517142,Low,High Priority Tree Plantation,Not Required,Routine Monitoring,1
241,35.27535709686563,6.781700565385961,24.454862483894605,62.09135359861661,High,High Priority Tree Plantation,Not Required,Cooling Centers + Reflective Roads,3
242,-16.388470005431415,32.85915686817452,25.896167329530467,75.6768579100896,Extreme,Moderate Tree Plantation,Optional,Cooling Centers + Reflective Pavements + Water Features,4
243,-58.80702238724776,-36.35902660675311,22.645397858686863,45.03563527389779,Moderate,Moderate Tree Plantation,Not Required,Urban Parks + Shade Structures,2
244,-61.84133231920451,-160.28581002406872,22.993672069454114,48.31841116012326,Moderate,Existing Green Cover Sufficient,Optional,Urban Parks + Shade Structures,2
246,-44.95627833037284,-59.32899300747568,21.941934975170625,38.404908910971535,Moderate,Existing Green Cover Sufficient,Optional,Urban Parks + Shade Structures,2
247,8.860799647101686,109.0272414952841,21.569428976362655,34.89372814433601,Moderate,Moderate Tree Plantation,Optional,Urban Parks + Shade Structures,2
248,38.62726608601122,-178.33247171834296,22.149408821923625,40.36052353900484,Moderate,High Priority Tree Plantation,Optional,Urban Parks + Shade Structures,2
249,28.835527809191632,-59.94029819118809,20.991581227253413,29.447029542948034,Moderate,High Priority Tree Plantation,Not Required,Urban Parks + Shade Structures,2
250,-39.61189854973029,-36.659270307260414,23.3547790814438,51.72214693686986,High,High Priority Tree Plantation,Optional,Cooling Centers + Reflective Roads,3
251,81.87575051937495,13.462417057652232,24.580336844015367,63.2740544447016,High,High Priority Tree Plantation,Not Required,Cooling Centers + Reflective Roads,3
252,42.82144500523833,151.14802190859376,22.854127069297117,47.003082756824234,Moderate,Moderate Tree Plantation,Not Required,Urban Parks + Shade Structures,2
253,9.783729452052128,-55.31544202825396,21.085655715504053,30.333760319992535,Moderate,Moderate Tree Plantation,Not Required,Urban Parks + Shade Structures,2
254,20.1097343221834,-55.096847317358026,24.5266047090905,62.76758410784209,High,Moderate Tree Plantation,Optional,Cooling Centers + Reflective Roads,3
255,-14.47198876299781,85.50044931950941,24.996047062022438,67.19247113230169,High,High Priority Tree Plantation,Optional,Cooling Centers + Reflective Roads,3
257,-45.40842188979165,-17.201541279669414,21.800330420170372,37.07016747975722,Moderate,High Priority Tree Plantation,Not Required,Urban Parks + Shade Structures,2
258,-25.924917842772917,-99.1422637416065,23.979745879298918,57.61298200378617,High,High Priority Tree Plantation,Optional,Cooling Centers + Reflective Roads,3
259,46.41229988358643,-17.12177419223039,21.889205475175228,37.907889247367166,Moderate,High Priority Tree Plantation,Recommended,Urban Parks + Shade Structures,2
260,-87.40917204664395,-129.29147266327206,23.603303819657,54.064700569938076,High,Existing Green Cover Sufficient,Recommended,Cooling Centers + Reflective Roads,3
261,-69.10692470875507,-116.5006848577596,21.73825122765074,36.48501913991648,Moderate,High Priority Tree Plantation,Recommended,Urban Parks + Shade Structures,2
262,-81.7195244360845,-0.5876018137873018,22.198742252517597,40.825532406534506,Moderate,Moderate Tree Plantation,Not Required,Urban Parks + Shade Structures,2
263,-82.66881558258538,-29.186838178362763,22.207674376340456,40.909725148322266,Moderate,High Priority Tree Plantation,Optional,Urban Parks + Shade Structures,2
264,63.9829051219813,149.34452438451603,23.072225132312607,49.05883951389921,Moderate,Existing Green Cover Sufficient,Recommended,Urban Parks + Shade Structures,2
265,36.65841468840426,-49.53819631801207,23.558762798235705,53.64486416933993,High,Moderate Tree Plantation,Not Required,Cooling Centers + Reflective Roads,3
266,-4.648710764281461,29.01180610009564,25.266349564473607,69.74029841781409,High,High Priority Tree Plantation,Not Required,Cooling Centers + Reflective Roads,3
268,-72.38985108281973,47.61514365103093,22.136189054352347,40.235916166817006,Moderate,Moderate Tree Plantation,Not Required,Urban Parks + Shade Structures,2
269,-1.5091424789701762,-175.28599562819988,20.577842098919323,25.547192025002214,Moderate,Moderate Tree Plantation,Optional,Urban Parks + Shade Structures,2
270,-4.77508125949818,58.87345392601583,22.367091613726522,42.41236601738563,Moderate,Existing Green Cover Sufficient,Optional,Urban Parks + Shade Structures,2
271,-58.82366341619726,-115.90705192688948,20.445666118828026,24.30132280251217,Low,High Priority Tree Plantation,Optional,Routine Monitoring,1
272,-11.906703137164854,165.98531428900384,24.704801697972524,64.44723985039961,High,Existing Green Cover Sufficient,Recommended,Cooling Centers + Reflective Roads,3
273,-18.26914780847278,-126.48141800887932,24.84214002799481,65.74176854104944,High,Existing Green Cover Sufficient,Not Required,Cooling Centers + Reflective Roads,3
274,20.853017649398964,-30.735315458271455,23.13058788205322,49.60895727048021,Moderate,Existing Green Cover Sufficient,Recommended,Urban Parks + Shade Structures,2
275,24.316857156175885,-149.27411949168825,20.14744521523193,21.490341222977733,Low,Moderate Tree Plantation,Recommended,Routine Monitoring,1
276,-81.84527824103199,178.87473066454106,23.408423233415068,52.22778796076404,High,Moderate Tree Plantation,Recommended,Cooling Centers + Reflective Roads,3
277,-22.569729367235183,0.7902037192473301,24.195021091432206,59.64213102902226,High,Moderate Tree Plantation,Optional,Cooling Centers + Reflective Roads,3
279,22.654784828562555,34.338606235215764,23.31293379660444,51.3277201094563,High,Moderate Tree Plantation,Not Required,Cooling Centers + Reflective Roads,3
280,0.5645265444157843,-155.8524681401661,20.408339980862905,23.94949271619059,Low,Moderate Tree Plantation,Optional,Routine Monitoring,1
281,64.16817141389802,89.98576934370402,24.342004596794048,61.02757356871466,High,Moderate Tree Plantation,Optional,Cooling Centers + Reflective Roads,3
282,28.564853691410107,-104.43398648558912,22.382621976290707,42.55875268097961,Moderate,Moderate Tree Plantation,Recommended,Urban Parks + Shade Structures,2
283,-60.671803125342656,143.29954419865695,25.266795298396882,69.74449983304888,High,Moderate Tree Plantation,Recommended,Cooling Centers + Reflective Roads,3
284,-77.29762546792263,-106.14972942647742,25.874987302849387,75.4772184343297,Extreme,Existing Green Cover Sufficient,Not Required,Cooling Centers + Reflective Pavements + Water Features,4
285,25.635470077136816,-111.35242056108004,20.556994831449796,25.350689083277388,Moderate,High Priority Tree Plantation,Not Required,Urban Parks + Shade Structures,2
286,-85.22796410250807,-166.84211957468585,21.101457815969123,30.482708340703468,Moderate,Existing Green Cover Sufficient,Not Required,Urban Parks + Shade Structures,2
287,15.439604629223396,-10.05589976040028,21.946378001186712,38.44678814927446,Moderate,Moderate Tree Plantation,Not Required,Urban Parks + Shade Structures,2
288,79.24144345649236,23.342807974541927,25.07957185321844,67.97976218619914,High,Existing Green Cover Sufficient,Optional,Cooling Centers + Reflective Roads,3
290,13.58535201765821,-156.34488980579314,24.203577758950324,59.72278478094102,High,Moderate Tree Plantation,Recommended,Cooling Centers + Reflective Roads,3
291,-20.12941328282605,99.18994201020382,23.91753004858723,57.026545734641054,High,High Priority Tree Plantation,Recommended,Cooling Centers + Reflective Roads,3
292,25.791879319623572,-16.81601949071006,24.16286815691366,59.339062714327525,High,Existing Green Cover Sufficient,Not Required,Cooling Centers + Reflective Roads,3
293,-7.514479711527002,8.780496957928818,22.057735796401026,39.496428557811875,Moderate,High Priority Tree Plantation,Optional,Urban Parks + Shade Structures,2
294,8.21102207686829,-21.325411102237865,25.57954291332089,72.69240782338005,High,Existing Green Cover Sufficient,Not Required,Cooling Centers + Reflective Roads,3
295,79.46366557977453,-35.72529808488264,26.67816990226052,83.0478865689991,Extreme,Moderate Tree Plantation,Not Required,Cooling Centers + Reflective Pavements + Water Features,4
296,-20.50152519586064,21.470519270958448,27.38078983062766,89.67066737422662,Extreme,Moderate Tree Plantation,Optional,Cooling Centers + Reflective Pavements + Water Features,4
297,83.01430148830457,-124.1135114649435,21.177783069106436,31.202137723537305,Moderate,High Priority Tree Plantation,Recommended,Urban Parks + Shade Structures,2
298,72.96311555209147,-114.5058730217024,21.772093935468178,36.804014982022935,Moderate,Moderate Tree Plantation,Optional,Urban Parks + Shade Structures,2
299,-54.75759573792664,130.24282356486623,20.741072600846223,27.085776103454734,Moderate,High Priority Tree Plantation,Optional,Urban Parks + Shade Structures,2
301,-77.51496584247022,160.6015663681078,25.185863385362076,68.9816488256445,High,High Priority Tree Plantation,Optional,Cooling Centers + Reflective Roads,3
302,-71.8599597520632,-45.608646139288936,24.245131989166683,60.11446817496668,High,High Priority Tree Plantation,Recommended,Cooling Centers + Reflective Roads,3
303,-86.72007138272104,-82.53191766832065,22.528091033971638,43.92992028392923,Moderate,High Priority Tree Plantation,Recommended,Urban Parks + Shade Structures,2
304,-73.00026706393288,51.83983556604568,23.798401986274445,55.90366405623125,High,Existing Green Cover Sufficient,Recommended,Cooling Centers + Reflective Roads,3
305,32.941219214944226,-32.855698404685285,23.15801752051381,49.86750456718625,Moderate,Existing Green Cover Sufficient,Recommended,Urban Parks + Shade Structures,2
306,-77.18604327715879,-170.86091196227585,21.677695547601857,35.914231180048546,Moderate,High Priority Tree Plantation,Optional,Urban Parks + Shade Structures,2
307,-32.58438654712297,-123.78506494817148,22.278704336526463,41.5792419637778,Moderate,Moderate Tree Plantation,Not Required,Urban Parks + Shade Structures,2
308,62.07755597450182,77.75000238506311,23.007226259939447,48.446170748134485,Moderate,High Priority Tree Plantation,Not Required,Urban Parks + Shade Structures,2
309,-85.81105156755135,57.2126190876545,22.964587336049203,48.04426320851755,Moderate,Moderate Tree Plantation,Optional,Urban Parks + Shade Structures,2
310,56.60432686600845,-170.24544269874593,20.63363896376504,26.073124169214047,Moderate,Existing Green Cover Sufficient,Not Required,Urban Parks + Shade Structures,2
312,-39.266140540788015,-100.0900217041382,23.55566531424639,53.615667790642554,High,Existing Green Cover Sufficient,Not Required,Cooling Centers + Reflective Roads,3
313,-68.73033102810187,-96.8130732282943,26.13264605981088,77.90586783781163,Extreme,Moderate Tree Plantation,Recommended,Cooling Centers + Reflective Pavements + Water Features,4
314,35.412689765547114,61.88138769554223,22.65439732731821,45.12046279686238,Moderate,Moderate Tree Plantation,Optional,Urban Parks + Shade Structures,2
315,23.20971242037912,-172.9042064084289,22.645213902995394,45.03390133756424,Moderate,High Priority Tree Plantation,Optional,Urban Parks + Shade Structures,2
316,67.94496243486952,-142.52091048555343,24.470617360186164,62.239856491973136,High,Existing Green Cover Sufficient,Optional,Cooling Centers + Reflective Roads,3
317,42.312787884699446,107.96979073434818,21.859504085213477,37.62792879167044,Moderate,High Priority Tree Plantation,Recommended,Urban Parks + Shade Structures,2
318,54.62656746927274,-115.7239216604399,21.679890145478435,35.93491710156228,Moderate,Moderate Tree Plantation,Optional,Urban Parks + Shade Structures,2
319,-39.23377693716483,54.98859882667489,20.421136532469436,24.070110923746686,Low,Moderate Tree Plantation,Not Required,Routine Monitoring,1
320,-58.06088211964989,-94.25419882317846,21.83945783042217,37.43897606475719,Moderate,Moderate Tree Plantation,Recommended,Urban Parks + Shade Structures,2
321,45.11065529535449,-144.20109860663575,21.37256072688016,33.03808014576383,Moderate,High Priority Tree Plantation,Not Required,Urban Parks + Shade Structures,2
323,55.23025306810752,-92.45801124019653,24.87068802371431,66.01085729080668,High,Existing Green Cover Sufficient,Not Required,Cooling Centers + Reflective Roads,3
324,88.2909255601212,80.01609546803729,20.323709342170005,23.151778124217596,Low,High Priority Tree Plantation,Optional,Routine Monitoring,1
325,-15.72881815594323,128.05072851826287,24.613831068306354,63.58976553794634,High,Moderate Tree Plantation,Not Required,Cooling Centers + Reflective Roads,3
326,-23.03674455729903,118.879151244117,23.646227040752635,54.46928784862705,High,High Priority Tree Plantation,Not Required,Cooling Centers + Reflective Roads,3
327,49.75433293355943,-37.013929337356274,21.872158970225357,37.747211673019706,Moderate,High Priority Tree Plantation,Not Required,Urban Parks + Shade Structures,2
328,-28.65536275445679,60.51064916543263,21.95088218165405,38.48924381945688,Moderate,Moderate Tree Plantation,Recommended,Urban Parks + Shade Structures,2
329,77.53631860864164,-106.20565365030446,23.040329934962244,48.75820058769935,Moderate,Moderate Tree Plantation,Recommended,Urban Parks + Shade Structures,2
330,64.51429533174212,-74.46681710603522,23.405027935112063,52.19578443293723,High,High Priority Tree Plantation,Recommended,Cooling Centers + Reflective Roads,3
331,-12.78107507249669,142.68089466760313,21.79376213635433,37.008255908189284,Moderate,High Priority Tree Plantation,Not Required,Urban Parks + Shade Structures,2
332,45.15679220246952,-175.31930753613503,20.72670090068002,26.9503108025766,Moderate,Moderate Tree Plantation,Recommended,Urban Parks + Shade Structures,2
335,45.81771733524283,-149.21692889239148,25.28824504116957,69.94668160868135,High,Moderate Tree Plantation,Recommended,Cooling Centers + Reflective Roads,3
336,-71.43770360953212,-105.16094814743016,23.913361475135318,56.98725344142831,High,Existing Green Cover Sufficient,Optional,Cooling Centers + Reflective Roads,3
337,72.459523202322,-170.4484066054249,18.651250060669025,7.387449815468574,Low,High Priority Tree Plantation,Recommended,Routine Monitoring,1
338,0.9454270406142912,-114.68324336767296,22.92864783976815,47.705503380465345,Moderate,High Priority Tree Plantation,Recommended,Urban Parks + Shade Structures,2
339,58.7623438993935,29.89496194908918,19.29610368690138,13.465734881931166,Low,High Priority Tree Plantation,Optional,Routine Monitoring,1
340,-32.391071814489884,-28.28716178670075,26.08402756718796,77.4475978589477,Extreme,High Priority Tree Plantation,Not Required,Cooling Centers + Reflective Pavements + Water Features,4
341,71.19418112931609,141.36181598771094,20.851283797019022,28.12460885650608,Moderate,Moderate Tree Plantation,Recommended,Urban Parks + Shade Structures,2
342,-19.94369782785064,114.27968222583873,22.531722344532625,43.96414842479198,Moderate,Moderate Tree Plantation,Not Required,Urban Parks + Shade Structures,2
343,-88.0492227335463,-56.94575338876464,21.9972540797376,38.92633776474738,Moderate,High Priority Tree Plantation,Recommended,Urban Parks + Shade Structures,2
344,72.96875575546747,-86.60756396473471,22.65895937577789,45.16346392129888,Moderate,High Priority Tree Plantation,Recommended,Urban Parks + Shade Structures,2
346,-73.56839817849595,-43.31073305978393,22.987132191940475,48.256767341726984,Moderate,High Priority Tree Plantation,Recommended,Urban Parks + Shade Structures,2
347,-32.52354523372532,32.50617930533079,21.72325041136922,36.34362389318208,Moderate,Existing Green Cover Sufficient,Recommended,Urban Parks + Shade Structures,2
348,81.01115406914488,-83.49708930376454,26.59364796649801,82.251196593112,Extreme,Existing Green Cover Sufficient,Not Required,Cooling Centers + Reflective Pavements + Water Features,4
349,81.10928644876009,44.69360682568825,26.028285525820063,76.92218247189281,Extreme,High Priority Tree Plantation,Not Required,Cooling Centers + Reflective Pavements + Water Features,4
350,13.218819862191497,-32.61180521115344,21.366527079687962,32.981207971780854,Moderate,High Priority Tree Plantation,Recommended,Urban Parks + Shade Structures,2
351,23.73069819056387,18.736985106712893,22.386075806879955,42.591307924586395,Moderate,Existing Green Cover Sufficient,Optional,Urban Parks + Shade Structures,2
352,-9.27980604390244,-22.994449511286007,23.034077216072273,48.699263479636926,Moderate,Existing Green Cover Sufficient,Recommended,Urban Parks + Shade Structures,2
353,-37.22206109434838,-73.99232656490963,23.165728636041333,49.940188284002055,Moderate,Moderate Tree Plantation,Optional,Urban Parks + Shade Structures,2
354,-30.84038183341513,161.44319050637642,22.11138810042043,40.00214642158171,Moderate,High Priority Tree Plantation,Recommended,Urban Parks + Shade Structures,2
355,31.05332209386691,94.89808589751392,20.416746597114187,24.028732109350546,Low,High Priority Tree Plantation,Optional,Routine Monitoring,1
357,45.42741529878239,-129.55925672407707,21.785673410984888,36.93201290261442,Moderate,Moderate Tree Plantation,Optional,Urban Parks + Shade Structures,2
358,52.484227870652745,132.6484713232486,22.3102896813307,41.87696027043348,Moderate,High Priority Tree Plantation,Recommended,Urban Parks + Shade Structures,2
359,52.13126570301969,-4.524768630175089,19.997763968041028,20.07947020896853,Low,High Priority Tree Plantation,Recommended,Routine Monitoring,1
360,-73.58290145123573,142.03880168187288,22.76888631755875,46.199617338830784,Moderate,Moderate Tree Plantation,Recommended,Urban Parks + Shade Structures,2
361,-1.0043451535353398,107.94789214103348,22.29855807291477,41.76638004363569,Moderate,High Priority Tree Plantation,Optional,Urban Parks + Shade Structures,2
362,-79.63942319700402,-26.923138391075952,23.564953136596973,53.70321328871681,High,Moderate Tree Plantation,Recommended,Cooling Centers + Reflective Roads,3
363,8.915198818272401,-171.91104900475773,18.65543689274953,7.4269142115353475,Low,High Priority Tree Plantation,Recommended,Routine Monitoring,1
364,-10.524509752792142,-83.27615062141942,23.1605915490029,49.89176693974558,Moderate,High Priority Tree Plantation,Not Required,Urban Parks + Shade Structures,2
365,69.78675289649397,14.988317277912104,22.692464035140894,45.47927337382986,Moderate,Moderate Tree Plantation,Not Required,Urban Parks + Shade Structures,2
366,-26.835297740625837,48.05215913741301,24.056917907442337,58.34039294966765,High,High Priority Tree Plantation,Not Required,Cooling Centers + Reflective Roads,3
368,-68.92793704303094,-87.16043324404718,20.526511843221538,25.06336140984625,Moderate,Existing Green Cover Sufficient,Optional,Urban Parks + Shade Structures,2
369,-64.26149723048954,-129.83181333378332,25.05976887865377,67.79310257900853,High,Moderate Tree Plantation,Recommended,Cooling Centers + Reflective Roads,3
370,47.07191370914501,120.57488524774766,21.65679963543341,35.71726972132856,Moderate,High Priority Tree Plantation,Optional,Urban Parks + Shade Structures,2
371,21.279251396926995,174.3847850532788,22.153583925860747,40.39987738750563,Moderate,Moderate Tree Plantation,Not Required,Urban Parks + Shade Structures,2
372,-71.79791829789775,9.248465628966898,23.30282629431933,51.23244844205828,High,High Priority Tree Plantation,Optional,Cooling Centers + Reflective Roads,3
373,-74.86077489930047,-118.19545709461072,23.277757464598068,50.99615374333924,High,Existing Green Cover Sufficient,Recommended,Cooling Centers + Reflective Roads,3
374,36.17444366264159,-81.96936245302717,24.22170388004864,59.89363864095342,High,High Priority Tree Plantation,Optional,Cooling Centers + Reflective Roads,3
375,-76.90265885444516,-173.37935644291198,20.318698584191722,23.104547537070243,Low,Moderate Tree Plantation,Optional,Routine Monitoring,1
376,57.93481067226412,149.14757036177963,24.221481220774365,59.891539890963216,High,High Priority Tree Plantation,Recommended,Cooling Centers + Reflective Roads,3
377,37.12360088816932,-137.6096101595492,21.921965816283073,38.2166828774681,Moderate,Moderate Tree Plantation,Recommended,Urban Parks + Shade Structures,2
379,-75.35721948445804,27.54593118513128,21.321727273046967,32.55893230392526,Moderate,Existing Green Cover Sufficient,Optional,Urban Parks + Shade Structures,2
380,-74.72921146466545,-81.34012055260584,22.981626607474162,48.204872600839415,Moderate,Existing Green Cover Sufficient,Not Required,Urban Parks + Shade Structures,2
381,87.59512413021159,19.50408090568564,20.97815422407696,29.320468801758416,Moderate,High Priority Tree Plantation,Optional,Urban Parks + Shade Structures,2
382,-22.63125676389833,54.51133980667112,22.753591259398192,46.0554486161531,Moderate,High Priority Tree Plantation,Optional,Urban Parks + Shade Structures,2
383,-23.28441352795963,118.70704933459255,22.81514467969497,46.635641112806276,Moderate,Existing Green Cover Sufficient,Optional,Urban Parks + Shade Structures,2
384,56.303922106350456,-105.68834216618284,25.023838966385554,67.4544330882976,High,Existing Green Cover Sufficient,Optional,Cooling Centers + Reflective Roads,3
385,80.50474392909456,-176.04150168294703,21.131014733528673,30.761307023109175,Moderate,High Priority Tree Plantation,Optional,Urban Parks + Shade Structures,2
386,87.48019148811676,-130.72117317522938,21.86062926228705,37.638534527181896,Moderate,Moderate Tree Plantation,Recommended,Urban Parks + Shade Structures,2
387,45.6080733466095,144.00671106531786,20.961647459246695,29.16487872971429,Moderate,High Priority Tree Plantation,Recommended,Urban Parks + Shade Structures,2
388,-22.27327460443516,134.6004279225055,19.946681430157522,19.597974541512293,Low,Existing Green Cover Sufficient,Not Required,Routine Monitoring,1
390,-74.96987099423963,35.068716781311,23.53061537688399,53.37955116821569,High,High Priority Tree Plantation,Recommended,Cooling Centers + Reflective Roads,3
391,49.88644486693863,36.18606975611522,22.85634566209363,47.02399485053827,Moderate,High Priority Tree Plantation,Optional,Urban Parks + Shade Structures,2
392,10.512764952444911,59.413202836651976,21.69419814805845,36.06978199938591,Moderate,Moderate Tree Plantation,Recommended,Urban Parks + Shade Structures,2
393,-13.640038335544276,-116.86633969555814,22.46629697684037,43.34745958373647,Moderate,High Priority Tree Plantation,Optional,Urban Parks + Shade Structures,2
394,73.14378931705247,149.18830053298552,25.102425049292645,68.19517268366408,High,Moderate Tree Plantation,Not Required,Cooling Centers + Reflective Roads,3
395,-69.98445318489276,-29.24261103885368,27.402114031671918,89.87166581401031,Extreme,Moderate Tree Plantation,Recommended,Cooling Centers + Reflective Pavements + Water Features,4
396,-1.3274812276453505,-42.07012983018092,21.17707898007938,31.19550109524753,Moderate,High Priority Tree Plantation,Optional,Urban Parks + Shade Structures,2
397,-87.95634394186457,6.810373901821521,22.391052005511,42.6382127609654,Moderate,High Priority Tree Plantation,Optional,Urban Parks + Shade Structures,2
398,-5.641084441057274,-163.09225196098018,21.098860816379858,30.458229446301853,Moderate,Moderate Tree Plantation,Not Required,Urban Parks + Shade Structures,2
399,-79.86541037726928,-120.1379872478114,22.94057080998239,47.817887352351356,Moderate,High Priority Tree Plantation,Recommended,Urban Parks + Shade Structures,2
401,-68.61277507174705,85.69210191349333,22.804541154867035,46.53569401785068,Moderate,Moderate Tree Plantation,Optional,Urban Parks + Shade Structures,2
402,-68.84527558012113,-150.19247954695447,19.214808833655308,12.699462859312789,Low,Existing Green Cover Sufficient,Recommended,Routine Monitoring,1
403,26.85785438089144,37.13475940789976,22.038754891178062,39.31751764210724,Moderate,Moderate Tree Plantation,Not Required,Urban Parks + Shade Structures,2
404,44.2880782677762,-91.67432051472446,24.45713811669601,62.112803342110126,High,High Priority Tree Plantation,Optional,Cooling Centers + Reflective Roads,3
405,15.006377717488732,-39.85357894488845,21.898580205083576,37.99625392190107,Moderate,High Priority Tree Plantation,Optional,Urban Parks + Shade Structures,2
406,83.19105872541755,-76.07025476254805,22.614437579157382,44.74380873053623,Moderate,High Priority Tree Plantation,Optional,Urban Parks + Shade Structures,2
407,-22.523295685733277,-51.95782207261831,22.33087247332809,42.07097030950977,Moderate,High Priority Tree Plantation,Recommended,Urban Parks + Shade Structures,2
408,-38.57182446926507,78.85652586632835,22.57165585000037,44.340555131774856,Moderate,Moderate Tree Plantation,Optional,Urban Parks + Shade Structures,2
409,66.34784307410285,-73.03618237565699,22.06790675062469,39.59229831282989,Moderate,Moderate Tree Plantation,Not Required,Urban Parks + Shade Structures,2
410,-49.75274906649853,23.905670506882984,21.651925301577712,35.67132504570173,Moderate,High Priority Tree Plantation,Not Required,Urban Parks + Shade Structures,2
412,83.38005709931002,-8.62185520832412,19.740833294406343,17.657683600130937,Low,High Priority Tree Plantation,Optional,Routine Monitoring,1
413,-87.81219455583306,58.92161953055333,21.138799769226218,30.83468749938677,Moderate,High Priority Tree Plantation,Optional,Urban Parks + Shade Structures,2
414,84.57818880737503,157.2587061569129,23.37341788551101,51.89783326289762,High,Moderate Tree Plantation,Not Required,Cooling Centers + Reflective Roads,3
415,-82.2312158488963,83.72595499569013,22.330497089040538,42.067431998463064,Moderate,High Priority Tree Plantation,Recommended,Urban Parks + Shade Structures,2
416,70.4057604656528,-102.62146370732756,21.76748129007531,36.7605369391496,Moderate,Moderate Tree Plantation,Optional,Urban Parks + Shade Structures,2
417,4.986199635533978,-168.7740713779375,19.84062168809571,18.59827271755929,Low,High Priority Tree Plantation,Not Required,Routine Monitoring,1
418,88.73366330147405,-85.58494405206297,24.763135420588952,64.9970840020441,High,Existing Green Cover Sufficient,Not Required,Cooling Centers + Reflective Roads,3
419,-76.71661834762821,34.22805505209175,20.992214730035638,29.453000836810894,Moderate,Existing Green Cover Sufficient,Not Required,Urban Parks + Shade Structures,2
420,9.693771192237747,-161.48670714566987,23.194021437991342,50.20687161892551,High,High Priority Tree Plantation,Optional,Cooling Centers + Reflective Roads,3
421,84.47445641143781,-1.308151007554926,25.804351487339037,74.81141676227821,High,High Priority Tree Plantation,Recommended,Cooling Centers + Reflective Roads,3
423,4.157611950626787,34.86342561008013,25.667563920280042,73.5220794734578,High,Moderate Tree Plantation,Optional,Cooling Centers + Reflective Roads,3
424,23.29175486434725,-59.67219930589411,19.522544966216284,15.600133434564153,Low,High Priority Tree Plantation,Recommended,Routine Monitoring,1
425,35.234764017231086,97.52839334849592,26.39806260349014,80.40764087313367,Extreme,Moderate Tree Plantation,Optional,Cooling Centers + Reflective Pavements + Water Features,4
426,-8.182608341800815,-141.62462887184216,21.987143028598926,38.83103264643468,Moderate,Existing Green Cover Sufficient,Optional,Urban Parks + Shade Structures,2
427,22.960454415131423,-152.95039857510884,23.746654726031785,55.41590282427381,High,Moderate Tree Plantation,Recommended,Cooling Centers + Reflective Roads,3
428,15.17657614615804,82.14795223329719,19.440653092489235,14.828233994302021,Low,Existing Green Cover Sufficient,Optional,Routine Monitoring,1
429,72.20844188837802,-1.6231261657685536,23.496749269862562,53.060334769030234,High,High Priority Tree Plantation,Optional,Cooling Centers + Reflective Roads,3
430,-81.81965153853758,67.82486271398497,25.091472982433675,68.09194028839212,High,High Priority Tree Plantation,Not Required,Cooling Centers + Reflective Roads,3
431,-39.42662587339854,-23.46215810265136,21.42994004955552,33.57892827928383,Moderate,Moderate Tree Plantation,Recommended,Urban Parks + Shade Structures,2
432,81.07406713378057,-91.29526803392154,22.320985922054405,41.97778129029505,Moderate,High Priority Tree Plantation,Optional,Urban Parks + Shade Structures,2
434,70.24748110036495,114.87683436271192,23.37516676690327,51.914317933553335,High,Moderate Tree Plantation,Not Required,Cooling Centers + Reflective Roads,3
435,-7.98178449857167,107.78971642883256,21.821289236705724,37.26772186477614,Moderate,High Priority Tree Plantation,Optional,Urban Parks + Shade Structures,2
436,21.62386760427661,70.09072950759364,20.922145018171047,28.792535165358785,Moderate,High Priority Tree Plantation,Not Required,Urban Parks + Shade Structures,2
437,-40.07138706339612,-82.02775059721343,23.698499630749115,54.96200075313112,High,Existing Green Cover Sufficient,Not Required,Cooling Centers + Reflective Roads,3
438,-56.138191249722965,32.48304007287135,20.11149626479008,21.15149228154841,Low,High Priority Tree Plantation,Recommended,Routine Monitoring,1
439,-6.534287110803206,-50.04939710159036,22.941186505053704,47.82369079363667,Moderate,Existing Green Cover Sufficient,Not Required,Urban Parks + Shade Structures,2
440,-26.39659895531049,-147.0304536024117,21.758416026310847,36.67508924199542,Moderate,Existing Green Cover Sufficient,Recommended,Urban Parks + Shade Structures,2
441,15.05810013315697,150.2328871664074,25.287536748633972,69.9400053588059,High,Moderate Tree Plantation,Optional,Cooling Centers + Reflective Roads,3
442,-76.00776534630273,-130.7452928691739,23.315822373442398,51.354947363430306,High,Moderate Tree Plantation,Not Required,Cooling Centers + Reflective Roads,3
443,85.39106537990997,162.08544737548883,20.08600335405553,20.911200264391262,Low,Moderate Tree Plantation,Recommended,Routine Monitoring,1
446,87.51793400632852,-19.437921735135944,21.463480410979663,33.89507425361798,Moderate,Existing Green Cover Sufficient,Recommended,Urban Parks + Shade Structures,2
